title,dataset_url,archive_url,article_urls,article_count,identifier,date,id
AHCA Polls,https://github.com/fivethirtyeight/data/tree/master/ahca-polls,https://archive.org/details/fivethirtyeight-dataset-ahca-polls,https://fivethirtyeight.com/features/why-the-gop-is-so-hell-bent-on-passing-an-unpopular-health-care-bill/,1,fivethirtyeight-dataset-ahca-polls,2017-06-15T13:48:54+00:00,dataset:ahca-polls
Airline Safety,https://github.com/fivethirtyeight/data/tree/master/airline-safety,https://archive.org/details/fivethirtyeight-dataset-airline-safety,https://fivethirtyeight.com/features/should-travelers-avoid-flying-airlines-that-have-had-crashes-in-the-past/,1,fivethirtyeight-dataset-airline-safety,2014-07-19T00:20:47+00:00,dataset:airline-safety
Alcohol Consumption,https://github.com/fivethirtyeight/data/tree/master/alcohol-consumption,https://archive.org/details/fivethirtyeight-dataset-alcohol-consumption,https://fivethirtyeight.com/features/dear-mona-followup-where-do-people-drink-the-most-beer-wine-and-spirits/,1,fivethirtyeight-dataset-alcohol-consumption,2014-08-13T21:00:15+00:00,dataset:alcohol-consumption
Antiquities Act,https://github.com/fivethirtyeight/data/tree/master/antiquities-act,https://archive.org/details/fivethirtyeight-dataset-antiquities-act,https://fivethirtyeight.com/features/trump-might-be-the-first-president-to-scrap-a-national-monument/,1,fivethirtyeight-dataset-antiquities-act,2017-04-27T18:50:51+00:00,dataset:antiquities-act
August Senate Polls,https://github.com/fivethirtyeight/data/tree/master/august-senate-polls,https://archive.org/details/fivethirtyeight-dataset-august-senate-polls,https://fivethirtyeight.com/features/how-much-trouble-is-ted-cruz-really-in/,1,fivethirtyeight-dataset-august-senate-polls,2018-08-31T09:56:42+00:00,dataset:august-senate-polls
Avengers,https://github.com/fivethirtyeight/data/tree/master/avengers,https://archive.org/details/fivethirtyeight-dataset-avengers,https://fivethirtyeight.com/features/avengers-death-comics-age-of-ultron,1,fivethirtyeight-dataset-avengers,2015-05-12T19:20:01+00:00,dataset:avengers
Bachelorette,https://github.com/fivethirtyeight/data/tree/master/bachelorette,https://archive.org/details/fivethirtyeight-dataset-bachelorette,https://fivethirtyeight.com/features/the-bachelorette/;https://fivethirtyeight.com/features/rachels-season-is-fitting-neatly-into-bachelorette-history/;https://fivethirtyeight.com/features/rachel-lindsays-bachelorette-season-in-three-charts/,3,fivethirtyeight-dataset-bachelorette,2017-05-22T17:07:24+00:00,dataset:bachelorette
Bad Drivers,https://github.com/fivethirtyeight/data/tree/master/bad-drivers,https://archive.org/details/fivethirtyeight-dataset-bad-drivers,https://fivethirtyeight.com/features/which-state-has-the-worst-drivers/,1,fivethirtyeight-dataset-bad-drivers,2014-10-24T16:08:45+00:00,dataset:bad-drivers
Bechdel,https://github.com/fivethirtyeight/data/tree/master/bechdel,https://archive.org/details/fivethirtyeight-dataset-bechdel,https://fivethirtyeight.com/features/the-dollar-and-cents-case-against-hollywoods-exclusion-of-women,1,fivethirtyeight-dataset-bechdel,2014-04-01T17:52:58+00:00,dataset:bechdel
Biopics,https://github.com/fivethirtyeight/data/tree/master/biopics,https://archive.org/details/fivethirtyeight-dataset-biopics,https://fivethirtyeight.com/features/straight-outta-compton-is-the-rare-biopic-not-about-white-dudes,1,fivethirtyeight-dataset-biopics,2015-08-14T16:00:33+00:00,dataset:biopics
Births,https://github.com/fivethirtyeight/data/tree/master/births,https://archive.org/details/fivethirtyeight-dataset-births,https://fivethirtyeight.com/features/some-people-are-too-superstitious-to-have-a-baby-on-friday-the-13th/,1,fivethirtyeight-dataset-births,2016-05-13T16:21:30+00:00,dataset:births
Bob Ross,https://github.com/fivethirtyeight/data/tree/master/bob-ross,https://archive.org/details/fivethirtyeight-dataset-bob-ross,https://fivethirtyeight.com/features/a-statistical-analysis-of-the-work-of-bob-ross,1,fivethirtyeight-dataset-bob-ross,2014-04-14T14:21:05+00:00,dataset:bob-ross
Buster Posey Mvp,https://github.com/fivethirtyeight/data/tree/master/buster-posey-mvp,https://archive.org/details/fivethirtyeight-dataset-buster-posey-mvp,https://fivethirtyeight.com/features/buster-poseys-pitch-framing-makes-him-a-potential-mvp/,1,fivethirtyeight-dataset-buster-posey-mvp,2015-07-30T11:00:22+00:00,dataset:buster-posey-mvp
Cabinet Turnover,https://github.com/fivethirtyeight/data/tree/master/cabinet-turnover,https://archive.org/details/fivethirtyeight-dataset-cabinet-turnover,https://fivethirtyeight.com/features/biden-cabinet/;https://fivethirtyeight.com/features/a-record-breaking-number-of-women-will-be-in-bidens-cabinet/;https://fivethirtyeight.com/features/two-years-in-turnover-in-trumps-cabinet-is-still-historically-high/,3,fivethirtyeight-dataset-cabinet-turnover,2019-01-08T15:51:09+00:00,dataset:cabinet-turnover
Candy Power Ranking,https://github.com/fivethirtyeight/data/tree/master/candy-power-ranking,https://archive.org/details/fivethirtyeight-dataset-candy-power-ranking,https://fivethirtyeight.com/features/the-ultimate-halloween-candy-power-ranking/,1,fivethirtyeight-dataset-candy-power-ranking,2017-10-27T19:19:07+00:00,dataset:candy-power-ranking
Chess Transfers,https://github.com/fivethirtyeight/data/tree/master/chess-transfers,https://archive.org/details/fivethirtyeight-dataset-chess-transfers,https://fivethirtyeight.com/features/american-chess-is-great-again/,1,fivethirtyeight-dataset-chess-transfers,2017-08-08T19:47:47+00:00,dataset:chess-transfers
Classic Rock,https://github.com/fivethirtyeight/data/tree/master/classic-rock,https://archive.org/details/fivethirtyeight-dataset-classic-rock,https://fivethirtyeight.com/features/why-classic-rock-isnt-what-it-used-to-be/,1,fivethirtyeight-dataset-classic-rock,2014-07-07T14:22:45+00:00,dataset:classic-rock
College Majors,https://github.com/fivethirtyeight/data/tree/master/college-majors,https://archive.org/details/fivethirtyeight-dataset-college-majors,https://fivethirtyeight.com/features/the-economic-guide-to-picking-a-college-major/,1,fivethirtyeight-dataset-college-majors,2014-09-12T11:37:01+00:00,dataset:college-majors
Comic Characters,https://github.com/fivethirtyeight/data/tree/master/comic-characters,https://archive.org/details/fivethirtyeight-dataset-comic-characters,https://fivethirtyeight.com/features/women-in-comic-books/,1,fivethirtyeight-dataset-comic-characters,2014-10-13T10:02:13+00:00,dataset:comic-characters
Comma Survey,https://github.com/fivethirtyeight/data/tree/master/comma-survey,https://archive.org/details/fivethirtyeight-dataset-comma-survey,https://fivethirtyeight.com/features/elitist-superfluous-or-popular-we-polled-americans-on-the-oxford-comma/,1,fivethirtyeight-dataset-comma-survey,2014-06-17T16:28:55+00:00,dataset:comma-survey
Congress Age,https://github.com/fivethirtyeight/data/tree/master/congress-age,https://archive.org/details/fivethirtyeight-dataset-congress-age,https://fivethirtyeight.com/features/both-republicans-and-democrats-have-an-age-problem/,1,fivethirtyeight-dataset-congress-age,2014-04-28T16:16:01+00:00,dataset:congress-age
Congress Biden Score,https://github.com/fivethirtyeight/data/tree/master/congress-biden-score,https://archive.org/details/fivethirtyeight-dataset-congress-biden-score,https://abcnews.go.com/538/member-congress-voted-biden-2023/story?id=106718543,1,fivethirtyeight-dataset-congress-biden-score,2024-01-29,dataset:congress-biden-score
Congress Demographics,https://github.com/fivethirtyeight/data/tree/master/congress-demographics,https://archive.org/details/fivethirtyeight-dataset-congress-demographics,https://fivethirtyeight.com/features/aging-congress-boomers/,1,fivethirtyeight-dataset-congress-demographics,2023-04-03T10:00:00+00:00,dataset:congress-demographics
Congress Generic Ballot,https://github.com/fivethirtyeight/data/tree/master/congress-generic-ballot,https://archive.org/details/fivethirtyeight-dataset-congress-generic-ballot,https://projects.fivethirtyeight.com/congress-generic-ballot-polls/,1,fivethirtyeight-dataset-congress-generic-ballot,2017-06-05T13:00:00-04:00,dataset:congress-generic-ballot
Congress Resignations,https://github.com/fivethirtyeight/data/tree/master/congress-resignations,https://archive.org/details/fivethirtyeight-dataset-congress-resignations,https://fivethirtyeight.com/features/more-people-are-resigning-from-congress-than-at-any-time-in-recent-history/,1,fivethirtyeight-dataset-congress-resignations,2018-01-29T10:55:03+00:00,dataset:congress-resignations
Congress Trump Score,https://github.com/fivethirtyeight/data/tree/master/congress-trump-score,https://archive.org/details/fivethirtyeight-dataset-congress-trump-score,https://projects.fivethirtyeight.com/congress-trump-score/,1,fivethirtyeight-dataset-congress-trump-score,2017-01-30T07:00:00-05:00,dataset:congress-trump-score
Cousin Marriage,https://github.com/fivethirtyeight/data/tree/master/cousin-marriage,https://archive.org/details/fivethirtyeight-dataset-cousin-marriage,https://fivethirtyeight.com/features/how-many-americans-are-married-to-their-cousins/,1,fivethirtyeight-dataset-cousin-marriage,2015-05-15T15:22:14+00:00,dataset:cousin-marriage
Covid Geography,https://github.com/fivethirtyeight/data/tree/master/covid-geography,https://archive.org/details/fivethirtyeight-dataset-covid-geography,https://fivethirtyeight.com/features/how-one-high-risk-community-in-rural-south-carolina-is-bracing-for-covid-19/,1,fivethirtyeight-dataset-covid-geography,2020-04-22T17:58:59+00:00,dataset:covid-geography
Daily Show Guests,https://github.com/fivethirtyeight/data/tree/master/daily-show-guests,https://archive.org/details/fivethirtyeight-dataset-daily-show-guests,https://fivethirtyeight.com/features/every-guest-jon-stewart-ever-had-on-the-daily-show/,1,fivethirtyeight-dataset-daily-show-guests,2015-08-06T15:23:16+00:00,dataset:daily-show-guests
Democratic Bench,https://github.com/fivethirtyeight/data/tree/master/democratic-bench,https://archive.org/details/fivethirtyeight-dataset-democratic-bench,https://fivethirtyeight.com/features/some-democrats-who-could-step-up-if-hillary-isnt-ready-for-hillary/,1,fivethirtyeight-dataset-democratic-bench,2015-03-27T10:07:02+00:00,dataset:democratic-bench
District Urbanization Index 2022,https://github.com/fivethirtyeight/data/tree/master/district-urbanization-index-2022,https://archive.org/details/fivethirtyeight-dataset-district-urbanization-index-2022,https://fivethirtyeight.com/features/the-republican-path-to-a-house-majority-goes-through-the-suburbs/,1,fivethirtyeight-dataset-district-urbanization-index-2022,2022-11-02T10:00:00+00:00,dataset:district-urbanization-index-2022
Drug Use By Age,https://github.com/fivethirtyeight/data/tree/master/drug-use-by-age,https://archive.org/details/fivethirtyeight-dataset-drug-use-by-age,https://fivethirtyeight.com/features/how-baby-boomers-get-high/,1,fivethirtyeight-dataset-drug-use-by-age,2015-04-23T10:01:37+00:00,dataset:drug-use-by-age
Early Senate Polls,https://github.com/fivethirtyeight/data/tree/master/early-senate-polls,https://archive.org/details/fivethirtyeight-dataset-early-senate-polls,https://fivethirtyeight.com/features/early-senate-polls-have-plenty-to-tell-us-about-november/,1,fivethirtyeight-dataset-early-senate-polls,2014-04-16T22:27:33+00:00,dataset:early-senate-polls
Election Deniers,https://github.com/fivethirtyeight/data/tree/master/election-deniers,https://archive.org/details/fivethirtyeight-dataset-election-deniers,https://projects.fivethirtyeight.com/republicans-trump-election-fraud/,1,fivethirtyeight-dataset-election-deniers,2022-09-09,dataset:election-deniers
Election Forecasts 2020,https://github.com/fivethirtyeight/data/tree/master/election-forecasts-2020,https://archive.org/details/fivethirtyeight-dataset-election-forecasts-2020,https://projects.fivethirtyeight.com/2020-election-forecast/,1,fivethirtyeight-dataset-election-forecasts-2020,2020-08-12T06:30:00-04:00,dataset:election-forecasts-2020
Election Forecasts 2022,https://github.com/fivethirtyeight/data/tree/master/election-forecasts-2022,https://archive.org/details/fivethirtyeight-dataset-election-forecasts-2022,https://projects.fivethirtyeight.com/2022-election-forecast/,1,fivethirtyeight-dataset-election-forecasts-2022,2022-06-30T10:00:00-04:00,dataset:election-forecasts-2022
ELO Blatter,https://github.com/fivethirtyeight/data/tree/master/elo-blatter,https://archive.org/details/fivethirtyeight-dataset-elo-blatter,https://fivethirtyeight.com/features/blatters-reign-at-fifa-hasnt-helped-soccers-poor/,1,fivethirtyeight-dataset-elo-blatter,2015-06-09T16:08:05+00:00,dataset:elo-blatter
Endorsements,https://github.com/fivethirtyeight/data/tree/master/endorsements,https://archive.org/details/fivethirtyeight-dataset-endorsements,https://projects.fivethirtyeight.com/2020-endorsements/democratic-primary/,1,fivethirtyeight-dataset-endorsements,2019-02-28T06:00:00-05:00,dataset:endorsements
Endorsements June 30,https://github.com/fivethirtyeight/data/tree/master/endorsements-june-30,https://archive.org/details/fivethirtyeight-dataset-endorsements-june-30,https://fivethirtyeight.com/features/pols-and-polls-say-the-same-thing-jeb-bush-is-a-weak-front-runner/,1,fivethirtyeight-dataset-endorsements-june-30,2015-06-15T10:01:09+00:00,dataset:endorsements-june-30
Fandango,https://github.com/fivethirtyeight/data/tree/master/fandango,https://archive.org/details/fivethirtyeight-dataset-fandango,https://fivethirtyeight.com/features/fandango-movies-ratings/,1,fivethirtyeight-dataset-fandango,2015-10-15T13:52:56+00:00,dataset:fandango
Fifa,https://github.com/fivethirtyeight/data/tree/master/fifa,https://archive.org/details/fivethirtyeight-dataset-fifa,https://fivethirtyeight.com/features/how-to-break-fifa/,1,fivethirtyeight-dataset-fifa,2015-05-29T03:39:02+00:00,dataset:fifa
Fight Songs,https://github.com/fivethirtyeight/data/tree/master/fight-songs,https://archive.org/details/fivethirtyeight-dataset-fight-songs,https://projects.fivethirtyeight.com/college-fight-song-lyrics/,1,fivethirtyeight-dataset-fight-songs,2019-08-30T10:56:00-04:00,dataset:fight-songs
Flying Etiquette Survey,https://github.com/fivethirtyeight/data/tree/master/flying-etiquette-survey,https://archive.org/details/fivethirtyeight-dataset-flying-etiquette-survey,https://fivethirtyeight.com/features/airplane-etiquette-recline-seat/,1,fivethirtyeight-dataset-flying-etiquette-survey,2014-09-06T15:00:16+00:00,dataset:flying-etiquette-survey
Food World Cup,https://github.com/fivethirtyeight/data/tree/master/food-world-cup,https://archive.org/details/fivethirtyeight-dataset-food-world-cup,https://fivethirtyeight.com/features/the-fivethirtyeight-international-food-associations-2014-world-cup/;https://fivethirtyeight.com/features/what-is-americans-favorite-global-cuisine/,2,fivethirtyeight-dataset-food-world-cup,2014-06-25T14:40:06+00:00,dataset:food-world-cup
Forecast Methodology,https://github.com/fivethirtyeight/data/tree/master/forecast-methodology,https://archive.org/details/fivethirtyeight-dataset-forecast-methodology,https://fivethirtyeight.com/features/how-the-fivethirtyeight-senate-forecast-model-works/,1,fivethirtyeight-dataset-forecast-methodology,2014-09-17T11:30:46+00:00,dataset:forecast-methodology
Forecast Review,https://github.com/fivethirtyeight/data/tree/master/forecast-review,https://archive.org/details/fivethirtyeight-dataset-forecast-review,https://fivethirtyeight.com/features/how-fivethirtyeights-2018-midterm-forecasts-did/,1,fivethirtyeight-dataset-forecast-review,2018-12-04T10:56:26+00:00,dataset:forecast-review
Foul Balls,https://github.com/fivethirtyeight/data/tree/master/foul-balls,https://archive.org/details/fivethirtyeight-dataset-foul-balls,https://fivethirtyeight.com/features/we-watched-906-foul-balls-to-find-out-where-the-most-dangerous-ones-land/,1,fivethirtyeight-dataset-foul-balls,2019-07-15T19:16:16+00:00,dataset:foul-balls
Goose,https://github.com/fivethirtyeight/data/tree/master/goose,https://archive.org/details/fivethirtyeight-dataset-goose,https://fivethirtyeight.com/features/kenley-jansen-is-the-model-of-a-modern-reliever/;https://fivethirtyeight.com/features/goose-egg-new-save-stat-relief-pitchers/,2,fivethirtyeight-dataset-goose,2017-04-17T14:26:15+00:00,dataset:goose
GOP Candidate Visits 2024,https://github.com/fivethirtyeight/data/tree/master/gop-candidate-visits-2024,https://archive.org/details/fivethirtyeight-dataset-gop-candidate-visits-2024,https://abcnews.go.com/538/busy-campaign-schedule-save-trumps-gop-primary-opponents/story?id=106292772,1,fivethirtyeight-dataset-gop-candidate-visits-2024,2024-01-12,dataset:gop-candidate-visits-2024
GOP Delegate Benchmarks 2024,https://github.com/fivethirtyeight/data/tree/master/gop-delegate-benchmarks-2024,https://archive.org/details/fivethirtyeight-dataset-gop-delegate-benchmarks-2024,https://projects.fivethirtyeight.com/2024-republican-delegate-benchmarks/;https://abcnews.go.com/538/desantis-haley-win-early/story?id=106254579,2,fivethirtyeight-dataset-gop-delegate-benchmarks-2024,2024-01-11,dataset:gop-delegate-benchmarks-2024
Governors Forecast 2018,https://github.com/fivethirtyeight/data/tree/master/governors-forecast-2018,https://archive.org/details/fivethirtyeight-dataset-governors-forecast-2018,https://projects.fivethirtyeight.com/2018-midterm-election-forecast/governor/,1,fivethirtyeight-dataset-governors-forecast-2018,2018-10-17T14:15:00-04:00,dataset:governors-forecast-2018
Hate Crimes,https://github.com/fivethirtyeight/data/tree/master/hate-crimes,https://archive.org/details/fivethirtyeight-dataset-hate-crimes,https://fivethirtyeight.com/features/higher-rates-of-hate-crimes-are-tied-to-income-inequality/,1,fivethirtyeight-dataset-hate-crimes,2017-01-23T17:18:06+00:00,dataset:hate-crimes
Hip Hop Candidate Lyrics,https://github.com/fivethirtyeight/data/tree/master/hip-hop-candidate-lyrics,https://archive.org/details/fivethirtyeight-dataset-hip-hop-candidate-lyrics,https://projects.fivethirtyeight.com/clinton-trump-hip-hop-lyrics/,1,fivethirtyeight-dataset-hip-hop-candidate-lyrics,2016-07-14,dataset:hip-hop-candidate-lyrics
Historical NCAA Forecasts,https://github.com/fivethirtyeight/data/tree/master/historical-ncaa-forecasts,https://archive.org/details/fivethirtyeight-dataset-historical-ncaa-forecasts,https://fivethirtyeight.com/features/the-ncaa-bracket-checking-our-work,1,fivethirtyeight-dataset-historical-ncaa-forecasts,2014-03-27T15:24:21+00:00,dataset:historical-ncaa-forecasts
House Forecast 2018,https://github.com/fivethirtyeight/data/tree/master/house-forecast-2018,https://archive.org/details/fivethirtyeight-dataset-house-forecast-2018,https://projects.fivethirtyeight.com/2018-midterm-election-forecast/house/,1,fivethirtyeight-dataset-house-forecast-2018,2018-08-16T12:30:00-04:00,dataset:house-forecast-2018
Impeachment Polls,https://github.com/fivethirtyeight/data/tree/master/impeachment-polls,https://archive.org/details/fivethirtyeight-dataset-impeachment-polls,https://projects.fivethirtyeight.com/impeachment-polls/,1,fivethirtyeight-dataset-impeachment-polls,2019-10-21T15:58:00-04:00,dataset:impeachment-polls
Inconvenient Sequel,https://github.com/fivethirtyeight/data/tree/master/inconvenient-sequel,https://archive.org/details/fivethirtyeight-dataset-inconvenient-sequel,https://fivethirtyeight.com/features/al-gores-new-movie-exposes-the-big-flaw-in-online-movie-ratings/,1,fivethirtyeight-dataset-inconvenient-sequel,2017-09-07T14:40:44+00:00,dataset:inconvenient-sequel
Infrastructure Jobs,https://github.com/fivethirtyeight/data/tree/master/infrastructure-jobs,https://archive.org/details/fivethirtyeight-dataset-infrastructure-jobs,https://fivethirtyeight.com/features/using-infrastructure-jobs-as-a-measuring-stick-for-state-level-spending/,1,fivethirtyeight-dataset-infrastructure-jobs,2014-06-03T19:23:23+00:00,dataset:infrastructure-jobs
Lebron,https://github.com/fivethirtyeight/data/tree/master/lebron,https://archive.org/details/fivethirtyeight-dataset-lebron,https://fivethirtyeight.com/features/the-lebron-james-decision-making-machine/,1,fivethirtyeight-dataset-lebron,2018-06-28T13:52:44+00:00,dataset:lebron
Librarians,https://github.com/fivethirtyeight/data/tree/master/librarians,https://archive.org/details/fivethirtyeight-dataset-librarians,https://fivethirtyeight.com/features/where-are-americas-librarians,1,fivethirtyeight-dataset-librarians,2014-04-11T15:50:05+00:00,dataset:librarians
Love Actually,https://github.com/fivethirtyeight/data/tree/master/love-actually,https://archive.org/details/fivethirtyeight-dataset-love-actually,https://fivethirtyeight.com/features/the-definitive-analysis-of-love-actually-the-greatest-christmas-movie-of-our-time/,1,fivethirtyeight-dataset-love-actually,2016-12-22T12:25:07+00:00,dataset:love-actually
Mad Men,https://github.com/fivethirtyeight/data/tree/master/mad-men,https://archive.org/details/fivethirtyeight-dataset-mad-men,https://fivethirtyeight.com/features/mad-men-is-ending-whats-next-for-the-cast/,1,fivethirtyeight-dataset-mad-men,2015-05-15T11:50:57+00:00,dataset:mad-men
Male Flight Attendants,https://github.com/fivethirtyeight/data/tree/master/male-flight-attendants,https://archive.org/details/fivethirtyeight-dataset-male-flight-attendants,https://fivethirtyeight.com/features/dear-mona-how-many-flight-attendants-are-men/,1,fivethirtyeight-dataset-male-flight-attendants,2014-10-03T16:31:16+00:00,dataset:male-flight-attendants
March Madness Predictions,https://github.com/fivethirtyeight/data/tree/master/march-madness-predictions,https://archive.org/details/fivethirtyeight-dataset-march-madness-predictions,https://fivethirtyeight.com/interactives/march-madness-predictions/,1,fivethirtyeight-dataset-march-madness-predictions,2014-03-20,dataset:march-madness-predictions
March Madness Predictions 2015,https://github.com/fivethirtyeight/data/tree/master/march-madness-predictions-2015,https://archive.org/details/fivethirtyeight-dataset-march-madness-predictions-2015,https://fivethirtyeight.com/interactives/march-madness-predictions-2015/#mens,1,fivethirtyeight-dataset-march-madness-predictions-2015,2015-03-16T01:23:43+00:00,dataset:march-madness-predictions-2015
March Madness Predictions 2018,https://github.com/fivethirtyeight/data/tree/master/march-madness-predictions-2018,https://archive.org/details/fivethirtyeight-dataset-march-madness-predictions-2018,https://projects.fivethirtyeight.com/2018-march-madness-predictions/,1,fivethirtyeight-dataset-march-madness-predictions-2018,2018-03-11T20:00:00-04:00,dataset:march-madness-predictions-2018
Marriage,https://github.com/fivethirtyeight/data/tree/master/marriage,https://archive.org/details/fivethirtyeight-dataset-marriage,https://fivethirtyeight.com/features/marriage-isnt-dead-yet/,1,fivethirtyeight-dataset-marriage,2014-09-29T17:09:42+00:00,dataset:marriage
Masculinity Survey,https://github.com/fivethirtyeight/data/tree/master/masculinity-survey,https://archive.org/details/fivethirtyeight-dataset-masculinity-survey,https://fivethirtyeight.com/features/what-do-men-think-it-means-to-be-a-man/,1,fivethirtyeight-dataset-masculinity-survey,2018-06-20T08:00:23+00:00,dataset:masculinity-survey
Mayweather Mcgregor,https://github.com/fivethirtyeight/data/tree/master/mayweather-mcgregor,https://archive.org/details/fivethirtyeight-dataset-mayweather-mcgregor,https://fivethirtyeight.com/features/the-mayweather-mcgregor-fight-as-told-through-emojis/,1,fivethirtyeight-dataset-mayweather-mcgregor,2017-08-30T17:59:11+00:00,dataset:mayweather-mcgregor
Media Mentions 2020,https://github.com/fivethirtyeight/data/tree/master/media-mentions-2020,https://archive.org/details/fivethirtyeight-dataset-media-mentions-2020,https://fivethirtyeight.com/features/the-media-frenzy-around-biden-is-fading/;https://fivethirtyeight.com/features/beto-orourke-ignored-cable-news-and-it-ignored-him/,2,fivethirtyeight-dataset-media-mentions-2020,2019-05-20T19:39:00+00:00,dataset:media-mentions-2020
MLB Allstar Teams,https://github.com/fivethirtyeight/data/tree/master/mlb-allstar-teams,https://archive.org/details/fivethirtyeight-dataset-mlb-allstar-teams,https://fivethirtyeight.com/features/the-best-mlb-all-star-teams-ever/,1,fivethirtyeight-dataset-mlb-allstar-teams,2015-07-18T15:51:37+00:00,dataset:mlb-allstar-teams
MLB ELO,https://github.com/fivethirtyeight/data/tree/master/mlb-elo,https://archive.org/details/fivethirtyeight-dataset-mlb-elo,https://projects.fivethirtyeight.com/2023-mlb-predictions/;https://projects.fivethirtyeight.com/complete-history-of-mlb/,2,fivethirtyeight-dataset-mlb-elo,2016-04-25T15:00:00-04:00,dataset:mlb-elo
MLB Quasi Win Shares,https://github.com/fivethirtyeight/data/tree/master/mlb-quasi-win-shares,https://archive.org/details/fivethirtyeight-dataset-mlb-quasi-win-shares,https://fivethirtyeight.com/features/the-yankees-always-have-the-twins-number-will-this-postseason-be-different/,1,fivethirtyeight-dataset-mlb-quasi-win-shares,2019-09-27T14:53:13+00:00,dataset:mlb-quasi-win-shares
Most Common Name,https://github.com/fivethirtyeight/data/tree/master/most-common-name,https://archive.org/details/fivethirtyeight-dataset-most-common-name,https://fivethirtyeight.com/features/whats-the-most-common-name-in-america/,1,fivethirtyeight-dataset-most-common-name,2014-11-20T12:37:11+00:00,dataset:most-common-name
Mueller Polls,https://github.com/fivethirtyeight/data/tree/master/mueller-polls,https://archive.org/details/fivethirtyeight-dataset-mueller-polls,https://fivethirtyeight.com/features/both-parties-think-the-mueller-report-was-fair-they-just-disagree-on-what-it-says/,1,fivethirtyeight-dataset-mueller-polls,2019-05-03T09:58:04+00:00,dataset:mueller-polls
Murder 2016,https://github.com/fivethirtyeight/data/tree/master/murder_2016,https://archive.org/details/fivethirtyeight-dataset-murder_2016,https://fivethirtyeight.com/features/a-handful-of-cities-are-driving-2016s-rise-in-murders/,1,fivethirtyeight-dataset-murder_2016,2016-10-06T11:00:38+00:00,dataset:murder_2016
NBA Draft 2015,https://github.com/fivethirtyeight/data/tree/master/nba-draft-2015,https://archive.org/details/fivethirtyeight-dataset-nba-draft-2015,https://fivethirtyeight.com/features/projecting-the-top-50-players-in-the-2015-nba-draft-class/,1,fivethirtyeight-dataset-nba-draft-2015,2015-06-19T13:45:19+00:00,dataset:nba-draft-2015
NBA Draymond,https://github.com/fivethirtyeight/data/tree/master/nba-draymond,https://archive.org/details/fivethirtyeight-dataset-nba-draymond,https://fivethirtyeight.com/features/a-better-way-to-evaluate-nba-defense/,1,fivethirtyeight-dataset-nba-draymond,2019-07-09T11:00:38+00:00,dataset:nba-draymond
NBA ELO,https://github.com/fivethirtyeight/data/tree/master/nba-elo,https://archive.org/details/fivethirtyeight-dataset-nba-elo,https://projects.fivethirtyeight.com/complete-history-of-the-nba/,1,fivethirtyeight-dataset-nba-elo,2015-05-22,dataset:nba-elo
NBA Forecasts,https://github.com/fivethirtyeight/data/tree/master/nba-forecasts,https://archive.org/details/fivethirtyeight-dataset-nba-forecasts,https://projects.fivethirtyeight.com/2023-nba-predictions/;https://projects.fivethirtyeight.com/complete-history-of-the-nba/,2,fivethirtyeight-dataset-nba-forecasts,2019-10-21,dataset:nba-forecasts
NBA Raptor,https://github.com/fivethirtyeight/data/tree/master/nba-raptor,https://archive.org/details/fivethirtyeight-dataset-nba-raptor,https://projects.fivethirtyeight.com/nba-player-ratings/;https://fivethirtyeight.com/features/how-our-raptor-metric-works/;https://fivethirtyeight.com/features/introducing-raptor-our-new-metric-for-the-modern-nba/,3,fivethirtyeight-dataset-nba-raptor,2019-10-10T21:10:00+00:00,dataset:nba-raptor
NBA Tattoos,https://github.com/fivethirtyeight/data/tree/master/nba-tattoos,https://archive.org/details/fivethirtyeight-dataset-nba-tattoos,https://fivethirtyeight.com/features/what-ethan-swan-learned-from-tracking-every-tattoo-in-the-nba/,1,fivethirtyeight-dataset-nba-tattoos,2014-06-06T10:05:09+00:00,dataset:nba-tattoos
NBA Winprobs,https://github.com/fivethirtyeight/data/tree/master/nba-winprobs,https://archive.org/details/fivethirtyeight-dataset-nba-winprobs,https://fivethirtyeight.com/features/every-nba-teams-chance-of-winning-in-every-minute-across-every-game/,1,fivethirtyeight-dataset-nba-winprobs,2015-02-18T12:48:04+00:00,dataset:nba-winprobs
NCAA Womens Basketball Tournament,https://github.com/fivethirtyeight/data/tree/master/ncaa-womens-basketball-tournament,https://archive.org/details/fivethirtyeight-dataset-ncaa-womens-basketball-tournament,https://fivethirtyeight.com/features/louisiana-tech-was-the-uconn-of-the-80s/,1,fivethirtyeight-dataset-ncaa-womens-basketball-tournament,2019-03-06T21:20:40+00:00,dataset:ncaa-womens-basketball-tournament
Next Bechdel,https://github.com/fivethirtyeight/data/tree/master/next-bechdel,https://archive.org/details/fivethirtyeight-dataset-next-bechdel,https://projects.fivethirtyeight.com/next-bechdel/,1,fivethirtyeight-dataset-next-bechdel,2017-12-21T11:15:00-05:00,dataset:next-bechdel
NFL ELO,https://github.com/fivethirtyeight/data/tree/master/nfl-elo,https://archive.org/details/fivethirtyeight-dataset-nfl-elo,https://projects.fivethirtyeight.com/2022-nfl-predictions/;https://projects.fivethirtyeight.com/complete-history-of-the-nfl/,2,fivethirtyeight-dataset-nfl-elo,2015-09-16T12:00:00-04:00,dataset:nfl-elo
NFL Fandom,https://github.com/fivethirtyeight/data/tree/master/nfl-fandom,https://archive.org/details/fivethirtyeight-dataset-nfl-fandom,https://fivethirtyeight.com/features/how-every-nfl-teams-fans-lean-politically/,1,fivethirtyeight-dataset-nfl-fandom,2017-09-29T16:16:10+00:00,dataset:nfl-fandom
NFL Favorite Team,https://github.com/fivethirtyeight/data/tree/master/nfl-favorite-team,https://archive.org/details/fivethirtyeight-dataset-nfl-favorite-team,https://fivethirtyeight.com/features/the-rams-are-dead-to-me-so-i-answered-3352-questions-to-find-a-new-team/,1,fivethirtyeight-dataset-nfl-favorite-team,2016-09-08T19:49:12+00:00,dataset:nfl-favorite-team
NFL Suspensions,https://github.com/fivethirtyeight/data/tree/master/nfl-suspensions,https://archive.org/details/fivethirtyeight-dataset-nfl-suspensions,https://fivethirtyeight.com/features/nfl-domestic-violence-policy-suspensions/,1,fivethirtyeight-dataset-nfl-suspensions,2014-08-29T00:13:36+00:00,dataset:nfl-suspensions
NFL Ticket Prices,https://github.com/fivethirtyeight/data/tree/master/nfl-ticket-prices,https://archive.org/details/fivethirtyeight-dataset-nfl-ticket-prices,https://fivethirtyeight.com/features/who-goes-to-meaningless-nfl-games-and-why/,1,fivethirtyeight-dataset-nfl-ticket-prices,2014-12-30T19:11:09+00:00,dataset:nfl-ticket-prices
NFL Wide Receivers,https://github.com/fivethirtyeight/data/tree/master/nfl-wide-receivers,https://archive.org/details/fivethirtyeight-dataset-nfl-wide-receivers,https://fivethirtyeight.com/features/the-football-hall-of-fame-has-a-receiver-problem/,1,fivethirtyeight-dataset-nfl-wide-receivers,2014-08-04T11:30:19+00:00,dataset:nfl-wide-receivers
NHL Forecasts,https://github.com/fivethirtyeight/data/tree/master/nhl-forecasts,https://archive.org/details/fivethirtyeight-dataset-nhl-forecasts,https://projects.fivethirtyeight.com/2023-nhl-predictions/;https://fivethirtyeight.com/methodology/how-our-nhl-predictions-work/,2,fivethirtyeight-dataset-nhl-forecasts,2021-10-07T10:00:00+00:00,dataset:nhl-forecasts
Non Voters,https://github.com/fivethirtyeight/data/tree/master/non-voters,https://archive.org/details/fivethirtyeight-dataset-non-voters,https://projects.fivethirtyeight.com/non-voters-poll-2020-election/,1,fivethirtyeight-dataset-non-voters,2020-10-26,dataset:non-voters
Nutrition Studies,https://github.com/fivethirtyeight/data/tree/master/nutrition-studies,https://archive.org/details/fivethirtyeight-dataset-nutrition-studies,https://fivethirtyeight.com/features/you-cant-trust-what-you-read-about-nutrition,1,fivethirtyeight-dataset-nutrition-studies,2016-01-06T11:00:57+00:00,dataset:nutrition-studies
Obama Commutations,https://github.com/fivethirtyeight/data/tree/master/obama-commutations,https://archive.org/details/fivethirtyeight-dataset-obama-commutations,https://fivethirtyeight.com/features/obama-granted-clemency-unlike-any-other-president-in-history/,1,fivethirtyeight-dataset-obama-commutations,2017-01-19T21:40:44+00:00,dataset:obama-commutations
Off Year Turnout 2023,https://github.com/fivethirtyeight/data/tree/master/off-year-turnout-2023,https://archive.org/details/fivethirtyeight-dataset-off-year-turnout-2023,https://abcnews.go.com/538/high-suburban-turnout-new-norm/story?id=105792075,1,fivethirtyeight-dataset-off-year-turnout-2023,2023-12-19,dataset:off-year-turnout-2023
Partisan Lean,https://github.com/fivethirtyeight/data/tree/master/partisan-lean,https://archive.org/details/fivethirtyeight-dataset-partisan-lean,https://projects.fivethirtyeight.com/2018-midterm-election-forecast/house/;https://projects.fivethirtyeight.com/2018-midterm-election-forecast/senate/;https://projects.fivethirtyeight.com/2018-midterm-election-forecast/governor/,3,fivethirtyeight-dataset-partisan-lean,2018-08-16T12:30:00-04:00,dataset:partisan-lean
Pew Religions,https://github.com/fivethirtyeight/data/tree/master/pew-religions,https://archive.org/details/fivethirtyeight-dataset-pew-religions,https://fivethirtyeight.com/features/evangelical-protestants-are-the-biggest-winners-when-people-change-faiths/,1,fivethirtyeight-dataset-pew-religions,2015-05-19T13:35:52+00:00,dataset:pew-religions
Police Killings,https://github.com/fivethirtyeight/data/tree/master/police-killings,https://archive.org/details/fivethirtyeight-dataset-police-killings,https://fivethirtyeight.com/features/where-police-have-killed-americans-in-2015,1,fivethirtyeight-dataset-police-killings,2015-06-03T15:58:54+00:00,dataset:police-killings
Police Locals,https://github.com/fivethirtyeight/data/tree/master/police-locals,https://archive.org/details/fivethirtyeight-dataset-police-locals,https://fivethirtyeight.com/features/most-police-dont-live-in-the-cities-they-serve/,1,fivethirtyeight-dataset-police-locals,2014-08-20T20:14:28+00:00,dataset:police-locals
Political Elasticity Scores,https://github.com/fivethirtyeight/data/tree/master/political-elasticity-scores,https://archive.org/details/fivethirtyeight-dataset-political-elasticity-scores,https://fivethirtyeight.com/features/election-update-the-house-districts-that-swing-the-most-and-least-with-the-national-mood/,1,fivethirtyeight-dataset-political-elasticity-scores,2018-09-06T18:22:30+00:00,dataset:political-elasticity-scores
Poll Of Pollsters,https://github.com/fivethirtyeight/data/tree/master/poll-of-pollsters,https://archive.org/details/fivethirtyeight-dataset-poll-of-pollsters,https://fivethirtyeight.com/features/top-pollsters-expect-clinton-to-win/;https://fivethirtyeight.com/features/iowa-teaches-pollsters-to-poll-until-the-end/;https://fivethirtyeight.com/features/most-pollsters-say-their-reputations-have-worsened/;https://fivethirtyeight.com/features/most-pollsters-we-surveyed-say-polling-did-well-this-year/;https://fivethirtyeight.com/features/even-pollsters-dont-know-all-the-details-of-how-their-polls-are-made/;https://fivethirtyeight.com/features/pollsters-say-they-follow-ethical-standards-but-they-arent-so-sure-about-their-peers/;https://fivethirtyeight.com/features/pollsters-predict-greater-polling-error-in-midterm-elections/,7,fivethirtyeight-dataset-poll-of-pollsters,2014-10-06T11:32:07+00:00,dataset:poll-of-pollsters
Poll Quiz Guns,https://github.com/fivethirtyeight/data/tree/master/poll-quiz-guns,https://archive.org/details/fivethirtyeight-dataset-poll-quiz-guns,https://projects.fivethirtyeight.com/guns-parkland-polling-quiz/,1,fivethirtyeight-dataset-poll-quiz-guns,2018-03-09,dataset:poll-quiz-guns
Polls,https://github.com/fivethirtyeight/data/tree/master/polls,https://archive.org/details/fivethirtyeight-dataset-polls,https://projects.fivethirtyeight.com/polls/,1,fivethirtyeight-dataset-polls,2018-06-28T15:15:00-04:00,dataset:polls
Pollster Ratings,https://github.com/fivethirtyeight/data/tree/master/pollster-ratings,https://archive.org/details/fivethirtyeight-dataset-pollster-ratings,https://abcnews.go.com/538/best-pollsters-america/story?id=105563951;https://abcnews.go.com/538/538s-pollster-ratings-work/story?id=105398138;https://fivethirtyeight.com/features/2022-election-polling-accuracy/;https://fivethirtyeight.com/features/the-death-of-polling-is-greatly-exaggerated/;https://fivethirtyeight.com/features/weve-updated-our-pollster-ratings-ahead-of-the-2020-general-election/;https://projects.fivethirtyeight.com/pollster-ratings/;https://fivethirtyeight.com/features/the-state-of-the-polls-2016/;https://fivethirtyeight.com/features/the-polls-are-all-right/;https://fivethirtyeight.com/features/the-state-of-the-polls-2019/;https://fivethirtyeight.com/features/how-fivethirtyeight-calculates-pollster-ratings,10,fivethirtyeight-dataset-pollster-ratings,2014-09-25T17:54:44+00:00,dataset:pollster-ratings
Potential Candidates,https://github.com/fivethirtyeight/data/tree/master/potential-candidates,https://archive.org/details/fivethirtyeight-dataset-potential-candidates,https://fivethirtyeight.com/features/romney-not-running-for-president;https://fivethirtyeight.com/features/2016-president-who-is-going-to-run,2,fivethirtyeight-dataset-potential-candidates,2015-01-14T12:03:13+00:00,dataset:potential-candidates
Presidential Campaign Trail,https://github.com/fivethirtyeight/data/tree/master/presidential-campaign-trail,https://archive.org/details/fivethirtyeight-dataset-presidential-campaign-trail,https://fivethirtyeight.com/features/the-last-10-weeks-of-2016-campaign-stops-in-one-handy-gif/,1,fivethirtyeight-dataset-presidential-campaign-trail,2016-12-16T20:34:16+00:00,dataset:presidential-campaign-trail
Presidential Candidate Favorables 2019,https://github.com/fivethirtyeight/data/tree/master/presidential-candidate-favorables-2019,https://archive.org/details/fivethirtyeight-dataset-presidential-candidate-favorables-2019,https://fivethirtyeight.com/features/the-democratic-presidential-candidates-are-becoming-less-popular/,1,fivethirtyeight-dataset-presidential-candidate-favorables-2019,2019-12-13T11:00:32+00:00,dataset:presidential-candidate-favorables-2019
Presidential Commencement Speeches,https://github.com/fivethirtyeight/data/tree/master/presidential-commencement-speeches,https://archive.org/details/fivethirtyeight-dataset-presidential-commencement-speeches,https://fivethirtyeight.com/features/sitting-presidents-give-way-more-commencement-speeches-than-they-used-to/,1,fivethirtyeight-dataset-presidential-commencement-speeches,2016-05-11T16:49:09+00:00,dataset:presidential-commencement-speeches
Primary Candidates 2018,https://github.com/fivethirtyeight/data/tree/master/primary-candidates-2018,https://archive.org/details/fivethirtyeight-dataset-primary-candidates-2018,https://fivethirtyeight.com/features/we-looked-at-hundreds-of-endorsements-heres-who-republicans-are-listening-to/;https://fivethirtyeight.com/features/the-establishment-is-beating-the-progressive-wing-in-democratic-primaries-so-far/;https://fivethirtyeight.com/features/democrats-primaries-candidates-demographics/,3,fivethirtyeight-dataset-primary-candidates-2018,2018-08-10T09:58:52+00:00,dataset:primary-candidates-2018
Primary Project 2022,https://github.com/fivethirtyeight/data/tree/master/primary-project-2022,https://archive.org/details/fivethirtyeight-dataset-primary-project-2022,https://fivethirtyeight.com/features/trumps-endorsees-have-started-losing-more-but-dont-read-into-that-for-2024/;https://fivethirtyeight.com/features/2022-candidates-race-data/;https://fivethirtyeight.com/features/progressives-democrats-2022/;https://fivethirtyeight.com/features/2022-women-candidates-data/,4,fivethirtyeight-dataset-primary-project-2022,2022-08-29T10:00:00+00:00,dataset:primary-project-2022
Puerto Rico Media,https://github.com/fivethirtyeight/data/tree/master/puerto-rico-media,https://archive.org/details/fivethirtyeight-dataset-puerto-rico-media,https://fivethirtyeight.com/features/the-media-really-started-paying-attention-to-puerto-rico-when-trump-did/;https://fivethirtyeight.com/features/the-media-really-has-neglected-puerto-rico/,2,fivethirtyeight-dataset-puerto-rico-media,2017-09-28T20:22:49+00:00,dataset:puerto-rico-media
Pulitzer,https://github.com/fivethirtyeight/data/tree/master/pulitzer,https://archive.org/details/fivethirtyeight-dataset-pulitzer,https://fivethirtyeight.com/features/do-pulitzers-help-newspapers-keep-readers,1,fivethirtyeight-dataset-pulitzer,2014-04-15T13:56:13+00:00,dataset:pulitzer
Quiet Caucus 2024,https://github.com/fivethirtyeight/data/tree/master/quiet-caucus-2024,https://archive.org/details/fivethirtyeight-dataset-quiet-caucus-2024,https://projects.fivethirtyeight.com/types-democrats-republicans-house-2024/,1,fivethirtyeight-dataset-quiet-caucus-2024,2024-05-01,dataset:quiet-caucus-2024
Rare Pepes,https://github.com/fivethirtyeight/data/tree/master/rare-pepes,https://archive.org/details/fivethirtyeight-dataset-rare-pepes,https://fivethirtyeight.com/features/pepe-the-frog-symbolism-cryptoart-blockchain/,1,fivethirtyeight-dataset-rare-pepes,2018-03-06T11:00:54+00:00,dataset:rare-pepes
Redistricting 2022 State Legislatures,https://github.com/fivethirtyeight/data/tree/master/redistricting-2022-state-legislatures,https://archive.org/details/fivethirtyeight-dataset-redistricting-2022-state-legislatures,https://fivethirtyeight.com/features/how-redistricting-affects-the-battle-for-state-legislatures/,1,fivethirtyeight-dataset-redistricting-2022-state-legislatures,2022-04-05T10:00:00+00:00,dataset:redistricting-2022-state-legislatures
Redistricting Alternate Maps,https://github.com/fivethirtyeight/data/tree/master/redistricting-alternate-maps,https://archive.org/details/fivethirtyeight-dataset-redistricting-alternate-maps,https://projects.fivethirtyeight.com/redistricting-alternate-maps/,1,fivethirtyeight-dataset-redistricting-alternate-maps,2022-08-10,dataset:redistricting-alternate-maps
Redlining,https://github.com/fivethirtyeight/data/tree/master/redlining,https://archive.org/details/fivethirtyeight-dataset-redlining,https://projects.fivethirtyeight.com/redlining/,1,fivethirtyeight-dataset-redlining,2022-01-27,dataset:redlining
Region Survey,https://github.com/fivethirtyeight/data/tree/master/region-survey,https://archive.org/details/fivethirtyeight-dataset-region-survey,https://fivethirtyeight.com/features/which-states-are-in-the-south/;https://fivethirtyeight.com/features/what-states-are-in-the-midwest/;https://fivethirtyeight.com/features/weve-published-our-data-on-the-south-and-midwest/,3,fivethirtyeight-dataset-region-survey,2014-04-29T13:26:14+00:00,dataset:region-survey
Religion Survey,https://github.com/fivethirtyeight/data/tree/master/religion-survey,https://archive.org/details/fivethirtyeight-dataset-religion-survey,https://fivethirtyeight.com/features/when-does-praying-in-public-make-others-uncomfortable/,1,fivethirtyeight-dataset-religion-survey,2016-09-16T15:03:16+00:00,dataset:religion-survey
Reluctant Trump,https://github.com/fivethirtyeight/data/tree/master/reluctant-trump,https://archive.org/details/fivethirtyeight-dataset-reluctant-trump,https://fivethirtyeight.com/features/reluctant-trump-voters-swung-the-election-heres-how-they-think-hes-doing/;https://fivethirtyeight.com/features/the-economy-is-keeping-reluctant-trump-voters-with-him/;https://fivethirtyeight.com/features/trumps-reluctant-voters-are-getting-more-reluctant/;https://fivethirtyeight.com/features/how-trumps-least-enthusiastic-voters-feel-about-him-now/,4,fivethirtyeight-dataset-reluctant-trump,2017-04-18T18:45:18+00:00,dataset:reluctant-trump
Repeated Phrases GOP,https://github.com/fivethirtyeight/data/tree/master/repeated-phrases-gop,https://archive.org/details/fivethirtyeight-dataset-repeated-phrases-gop,https://fivethirtyeight.com/features/these-are-the-phrases-each-gop-candidate-repeats-most,1,fivethirtyeight-dataset-repeated-phrases-gop,2016-03-10T21:45:33+00:00,dataset:repeated-phrases-gop
Riddler Castles,https://github.com/fivethirtyeight/data/tree/master/riddler-castles,https://archive.org/details/fivethirtyeight-dataset-riddler-castles,https://fivethirtyeight.com/features/the-fifth-battle-for-riddler-nation/;https://fivethirtyeight.com/features/are-you-the-best-warlord/;https://fivethirtyeight.com/features/a-peaceful-but-not-peaceful-transition-of-power-in-riddler-nation/;https://fivethirtyeight.com/features/the-battle-for-riddler-nation-round-2/;https://fivethirtyeight.com/features/can-you-rule-riddler-nation/,5,fivethirtyeight-dataset-riddler-castles,2017-02-03T13:00:44+00:00,dataset:riddler-castles
Riddler Pick Lowest,https://github.com/fivethirtyeight/data/tree/master/riddler-pick-lowest,https://archive.org/details/fivethirtyeight-dataset-riddler-pick-lowest,https://fivethirtyeight.com/features/pick-a-number-any-number/,1,fivethirtyeight-dataset-riddler-pick-lowest,2017-07-28T12:00:32+00:00,dataset:riddler-pick-lowest
Russia Investigation,https://github.com/fivethirtyeight/data/tree/master/russia-investigation,https://archive.org/details/fivethirtyeight-dataset-russia-investigation,https://projects.fivethirtyeight.com/russia-investigation/,1,fivethirtyeight-dataset-russia-investigation,2019-03-07T13:30:00-05:00,dataset:russia-investigation
Russian Troll Tweets,https://github.com/fivethirtyeight/russian-troll-tweets,https://archive.org/details/fivethirtyeight-dataset-russian-troll-tweets,https://fivethirtyeight.com/features/why-were-sharing-3-million-russian-troll-tweets/,1,fivethirtyeight-dataset-russian-troll-tweets,2018-07-31T12:26:06+00:00,dataset:russian-troll-tweets
San Andreas,https://github.com/fivethirtyeight/data/tree/master/san-andreas,https://archive.org/details/fivethirtyeight-dataset-san-andreas,https://fivethirtyeight.com/features/the-rock-isnt-alone-lots-of-people-are-worried-about-the-big-one,1,fivethirtyeight-dataset-san-andreas,2015-06-02T10:00:27+00:00,dataset:san-andreas
Sandy 311 Calls,https://github.com/fivethirtyeight/data/tree/master/sandy-311-calls,https://archive.org/details/fivethirtyeight-dataset-sandy-311-calls,https://projects.fivethirtyeight.com/sandy-311/,1,fivethirtyeight-dataset-sandy-311-calls,2017-09-19,dataset:sandy-311-calls
Science Giving,https://github.com/fivethirtyeight/data/tree/master/science-giving,https://archive.org/details/fivethirtyeight-dataset-science-giving,https://fivethirtyeight.com/features/when-scientists-donate-to-politicians-its-usually-to-democrats/,1,fivethirtyeight-dataset-science-giving,2017-04-21T15:14:54+00:00,dataset:science-giving
Scrabble Games,https://github.com/fivethirtyeight/data/tree/master/scrabble-games,https://archive.org/details/fivethirtyeight-dataset-scrabble-games,https://fivethirtyeight.com/features/how-qi-and-za-changed-scrabble/,1,fivethirtyeight-dataset-scrabble-games,2017-04-19T14:41:23+00:00,dataset:scrabble-games
Senate Forecast 2018,https://github.com/fivethirtyeight/data/tree/master/senate-forecast-2018,https://archive.org/details/fivethirtyeight-dataset-senate-forecast-2018,https://projects.fivethirtyeight.com/2018-midterm-election-forecast/senate/,1,fivethirtyeight-dataset-senate-forecast-2018,2018-09-11T15:15:00-04:00,dataset:senate-forecast-2018
Sleeping Alone Data,https://github.com/fivethirtyeight/data/tree/master/sleeping-alone-data,https://archive.org/details/fivethirtyeight-dataset-sleeping-alone-data,https://fivethirtyeight.com/features/dear-mona-how-many-couples-sleep-in-separate-beds/,1,fivethirtyeight-dataset-sleeping-alone-data,2014-07-25T19:21:53+00:00,dataset:sleeping-alone-data
Soccer SPI,https://github.com/fivethirtyeight/data/tree/master/soccer-spi,https://archive.org/details/fivethirtyeight-dataset-soccer-spi,https://projects.fivethirtyeight.com/soccer-predictions/;https://projects.fivethirtyeight.com/global-club-soccer-rankings/,2,fivethirtyeight-dataset-soccer-spi,2017-01-19T15:15:00-05:00,dataset:soccer-spi
Special Elections,https://github.com/fivethirtyeight/data/tree/master/special-elections,https://archive.org/details/fivethirtyeight-dataset-special-elections,https://fivethirtyeight.com/features/be-skeptical-of-anyone-who-tells-you-they-know-how-democrats-can-win-in-november/,1,fivethirtyeight-dataset-special-elections,2018-04-02T09:58:44+00:00,dataset:special-elections
Sports Political Donations,https://github.com/fivethirtyeight/data/tree/master/sports-political-donations,https://archive.org/details/fivethirtyeight-dataset-sports-political-donations,https://fivethirtyeight.com/features/inside-the-political-donation-history-of-wealthy-sports-owners/,1,fivethirtyeight-dataset-sports-political-donations,2020-10-28T14:41:21+00:00,dataset:sports-political-donations
Star Wars Survey,https://github.com/fivethirtyeight/data/tree/master/star-wars-survey,https://archive.org/details/fivethirtyeight-dataset-star-wars-survey,https://fivethirtyeight.com/features/americas-favorite-star-wars-movies-and-least-favorite-characters/,1,fivethirtyeight-dataset-star-wars-survey,2014-07-22T20:58:02+00:00,dataset:star-wars-survey
State Of The Polls 2024,https://github.com/fivethirtyeight/data/tree/master/state-of-the-polls-2024,https://archive.org/details/fivethirtyeight-dataset-state-of-the-polls-2024,https://abcnews.go.com/538/2024-fewer-polls-higher-quality/story?id=115157919,1,fivethirtyeight-dataset-state-of-the-polls-2024,2024-10-28,dataset:state-of-the-polls-2024
State Of The State,https://github.com/fivethirtyeight/data/tree/master/state-of-the-state,https://archive.org/details/fivethirtyeight-dataset-state-of-the-state,https://fivethirtyeight.com/features/what-americas-governors-are-talking-about/,1,fivethirtyeight-dataset-state-of-the-state,2019-06-13T17:01:58+00:00,dataset:state-of-the-state
Steak Survey,https://github.com/fivethirtyeight/data/tree/master/steak-survey,https://archive.org/details/fivethirtyeight-dataset-steak-survey,https://fivethirtyeight.com/features/how-americans-order-their-steak/;https://fivethirtyeight.com/features/how-americans-like-their-steak/,2,fivethirtyeight-dataset-steak-survey,2014-05-16T21:08:52+00:00,dataset:steak-survey
Study Drugs,https://github.com/fivethirtyeight/data/tree/master/study-drugs,https://archive.org/details/fivethirtyeight-dataset-study-drugs,https://fivethirtyeight.com/features/college-students-arent-the-only-ones-abusing-adderall,1,fivethirtyeight-dataset-study-drugs,2015-11-05T12:15:18+00:00,dataset:study-drugs
Subreddit Algebra,https://github.com/fivethirtyeight/data/tree/master/subreddit-algebra,https://archive.org/details/fivethirtyeight-dataset-subreddit-algebra,https://fivethirtyeight.com/features/dissecting-trumps-most-rabid-online-following/,1,fivethirtyeight-dataset-subreddit-algebra,2017-03-23T11:00:06+00:00,dataset:subreddit-algebra
Tarantino,https://github.com/fivethirtyeight/data/tree/master/tarantino,https://archive.org/details/fivethirtyeight-dataset-tarantino,https://fivethirtyeight.com/features/complete-catalog-curses-deaths-quentin-tarantino-films,1,fivethirtyeight-dataset-tarantino,2015-12-09T15:29:40+00:00,dataset:tarantino
Tennis Time,https://github.com/fivethirtyeight/data/tree/master/tennis-time,https://archive.org/details/fivethirtyeight-dataset-tennis-time,https://fivethirtyeight.com/features/why-some-tennis-matches-take-forever/,1,fivethirtyeight-dataset-tennis-time,2015-06-06T10:00:05+00:00,dataset:tennis-time
Tenth Circuit,https://github.com/fivethirtyeight/data/tree/master/tenth-circuit,https://archive.org/details/fivethirtyeight-dataset-tenth-circuit,https://fivethirtyeight.com/features/for-a-trump-nominee-neil-gorsuchs-record-is-surprisingly-moderate-on-immigration/,1,fivethirtyeight-dataset-tenth-circuit,2017-03-27T09:59:09+00:00,dataset:tenth-circuit
Terrorism,https://github.com/fivethirtyeight/data/tree/master/terrorism,https://archive.org/details/fivethirtyeight-dataset-terrorism,https://fivethirtyeight.com/features/the-rise-of-religiously-inspired-terrorism-in-france/,1,fivethirtyeight-dataset-terrorism,2015-11-14T23:26:19+00:00,dataset:terrorism
Thanksgiving 2015,https://github.com/fivethirtyeight/data/tree/master/thanksgiving-2015,https://archive.org/details/fivethirtyeight-dataset-thanksgiving-2015,https://fivethirtyeight.com/features/heres-what-your-part-of-america-eats-on-thanksgiving,1,fivethirtyeight-dataset-thanksgiving-2015,2015-11-20T20:02:33+00:00,dataset:thanksgiving-2015
The Big Lies Long Shadow,https://github.com/fivethirtyeight/data/tree/master/the-big-lies-long-shadow,https://archive.org/details/fivethirtyeight-dataset-the-big-lies-long-shadow,https://fivethirtyeight.com/features/the-big-lie-voting-laws/,1,fivethirtyeight-dataset-the-big-lies-long-shadow,2022-01-12T11:00:00+00:00,dataset:the-big-lies-long-shadow
Trump 2 Poll Issue Questions,https://github.com/fivethirtyeight/data/tree/master/trump-2-poll-issue-questions,https://archive.org/details/fivethirtyeight-dataset-trump-2-poll-issue-questions,https://abcnews.go.com/538/americans-voted-trump-support-agenda/story?id=119136603,1,fivethirtyeight-dataset-trump-2-poll-issue-questions,2025-02-25,dataset:trump-2-poll-issue-questions
Trump Approval Ratings,https://github.com/fivethirtyeight/data/tree/master/trump-approval-ratings,https://archive.org/details/fivethirtyeight-dataset-trump-approval-ratings,https://projects.fivethirtyeight.com/trump-approval-ratings/,1,fivethirtyeight-dataset-trump-approval-ratings,2017-03-02T12:30:00-05:00,dataset:trump-approval-ratings
Trump Lawsuits,https://github.com/fivethirtyeight/data/tree/master/trump-lawsuits,https://archive.org/details/fivethirtyeight-dataset-trump-lawsuits,https://fivethirtyeight.com/features/will-trumps-latest-lawsuits-keep-congress-from-investigating-future-presidents/;https://fivethirtyeight.com/features/will-the-supreme-court-fast-track-cases-involving-trump/;https://fivethirtyeight.com/features/what-trumps-legal-battles-tell-us-about-presidential-power/;https://fivethirtyeight.com/features/why-it-might-be-impossible-to-overturn-a-presidential-pardon/;https://fivethirtyeight.com/features/why-one-of-trumps-biggest-legal-threats-is-new-yorks-attorney-general/;https://fivethirtyeight.com/features/should-judges-pay-attention-to-trumps-tweets/;https://fivethirtyeight.com/features/trump-is-losing-the-legal-fight-against-sanctuary-cities-but-it-may-still-pay-off-politically/,7,fivethirtyeight-dataset-trump-lawsuits,2018-11-26T12:01:16+00:00,dataset:trump-lawsuits
Trump News,https://github.com/fivethirtyeight/data/tree/master/trump-news,https://archive.org/details/fivethirtyeight-dataset-trump-news,https://fivethirtyeight.com/features/how-donald-trump-hacked-the-media/,1,fivethirtyeight-dataset-trump-news,2016-03-30T17:23:33+00:00,dataset:trump-news
Trump World Trust,https://github.com/fivethirtyeight/data/tree/master/trump-world-trust,https://archive.org/details/fivethirtyeight-dataset-trump-world-trust,https://fivethirtyeight.com/features/what-the-world-thinks-of-trump/,1,fivethirtyeight-dataset-trump-world-trust,2017-09-18T14:51:11+00:00,dataset:trump-world-trust
Twitter Ratio,https://github.com/fivethirtyeight/data/tree/master/twitter-ratio,https://archive.org/details/fivethirtyeight-dataset-twitter-ratio,https://fivethirtyeight.com/features/the-worst-tweeter-in-politics-isnt-trump/,1,fivethirtyeight-dataset-twitter-ratio,2017-10-24T10:01:45+00:00,dataset:twitter-ratio
Undefeated Boxers,https://github.com/fivethirtyeight/data/tree/master/undefeated-boxers,https://archive.org/details/fivethirtyeight-dataset-undefeated-boxers,https://fivethirtyeight.com/features/mayweather-is-defined-by-the-zero-next-to-his-name/,1,fivethirtyeight-dataset-undefeated-boxers,2017-08-18T18:47:32+00:00,dataset:undefeated-boxers
Unisex Names,https://github.com/fivethirtyeight/data/tree/master/unisex-names,https://archive.org/details/fivethirtyeight-dataset-unisex-names,https://fivethirtyeight.com/features/there-are-922-unisex-names-in-america-is-yours-one-of-them,1,fivethirtyeight-dataset-unisex-names,2015-06-10T13:16:40+00:00,dataset:unisex-names
Urbanization Index,https://github.com/fivethirtyeight/data/tree/master/urbanization-index,https://archive.org/details/fivethirtyeight-dataset-urbanization-index,https://fivethirtyeight.com/features/how-urban-or-rural-is-your-state-and-what-does-that-mean-for-the-2020-election/,1,fivethirtyeight-dataset-urbanization-index,2020-04-14T10:00:44+00:00,dataset:urbanization-index
Us Weather History,https://github.com/fivethirtyeight/data/tree/master/us-weather-history,https://archive.org/details/fivethirtyeight-dataset-us-weather-history,https://fivethirtyeight.com/features/what-12-months-of-record-setting-temperatures-looks-like-across-the-u-s/,1,fivethirtyeight-dataset-us-weather-history,2015-07-22T17:46:07+00:00,dataset:us-weather-history
Voter Registration,https://github.com/fivethirtyeight/data/tree/master/voter-registration,https://archive.org/details/fivethirtyeight-dataset-voter-registration,https://fivethirtyeight.com/features/voter-registrations-are-way-way-down-during-the-pandemic,1,fivethirtyeight-dataset-voter-registration,2020-06-26T11:00:54+00:00,dataset:voter-registration
Weather Check,https://github.com/fivethirtyeight/data/tree/master/weather-check,https://archive.org/details/fivethirtyeight-dataset-weather-check,https://fivethirtyeight.com/features/weather-forecast-news-app-habits/,1,fivethirtyeight-dataset-weather-check,2015-04-20T13:18:32+00:00,dataset:weather-check
WNBA Forecasts,https://github.com/fivethirtyeight/data/tree/master/wnba-forecasts,https://archive.org/details/fivethirtyeight-dataset-wnba-forecasts,https://projects.fivethirtyeight.com/2022-wnba-predictions/,1,fivethirtyeight-dataset-wnba-forecasts,2021-05-12,dataset:wnba-forecasts
Womens World Cup 2019,https://github.com/fivethirtyeight/data/tree/master/womens-world-cup-2019,https://archive.org/details/fivethirtyeight-dataset-womens-world-cup-2019,https://projects.fivethirtyeight.com/2019-womens-world-cup-predictions/,1,fivethirtyeight-dataset-womens-world-cup-2019,2019-06-05T11:00:00-04:00,dataset:womens-world-cup-2019
Womens World Cup Predictions,https://github.com/fivethirtyeight/data/tree/master/womens-world-cup-predictions,https://archive.org/details/fivethirtyeight-dataset-womens-world-cup-predictions,https://projects.fivethirtyeight.com/womens-world-cup/;https://fivethirtyeight.com/features/how-our-womens-world-cup-model-works/,2,fivethirtyeight-dataset-womens-world-cup-predictions,2015-06-02T13:30:28+00:00,dataset:womens-world-cup-predictions
World Cup 2018,https://github.com/fivethirtyeight/data/tree/master/world-cup-2018,https://archive.org/details/fivethirtyeight-dataset-world-cup-2018,https://projects.fivethirtyeight.com/2018-world-cup-predictions/,1,fivethirtyeight-dataset-world-cup-2018,2018-06-13T11:00:00-04:00,dataset:world-cup-2018
World Cup 2022,https://github.com/fivethirtyeight/data/tree/master/world-cup-2022,https://archive.org/details/fivethirtyeight-dataset-world-cup-2022,https://projects.fivethirtyeight.com/2022-world-cup-predictions/,1,fivethirtyeight-dataset-world-cup-2022,2022-11-16,dataset:world-cup-2022
World Cup Comparisons,https://github.com/fivethirtyeight/data/tree/master/world-cup-comparisons,https://archive.org/details/fivethirtyeight-dataset-world-cup-comparisons,https://projects.fivethirtyeight.com/world-cup-comparisons/,1,fivethirtyeight-dataset-world-cup-comparisons,2018-06-29T10:00:00-04:00,dataset:world-cup-comparisons
World Cup Predictions,https://github.com/fivethirtyeight/data/tree/master/world-cup-predictions,https://archive.org/details/fivethirtyeight-dataset-world-cup-predictions,https://fivethirtyeight.com/interactives/world-cup/,1,fivethirtyeight-dataset-world-cup-predictions,2014-07-10,dataset:world-cup-predictions
